"Gen","DCT_Cx","DCT_Tx","DDCT","2^DDCT"
"PIF1",2.66,9.55,6.89,0.00843147059769086
"PLK1",2.66,2.91666666666667,0.256666666666668,0.83701961293845
"CCNB1",11.56,6.75,-4.81,28.0513830821131
"PCNA",1.02666666666667,5.58333333333333,4.55666666666666,0.0424919491504016
"CCNB2",13.8933333333333,6.51666666666667,-7.37666666666667,166.187339284682
"BRCA",1.49333333333333,0.783333333333331,-0.710000000000001,1.63580411711556
